Region,Date,Frequency,Estimated Unemployment Rate (%),Estimated Employed,Estimated Labour Participation Rate (%),Area
Andhra Pradesh, 31-05-2019,M,3.65,11999139.0,43.24,South
Andhra Pradesh, 30-06-2019,M,3.05,11755881.0,42.05,South
Andhra Pradesh, 31-07-2019,M,3.75,12086707.0,43.5,South
Andhra Pradesh, 31-08-2019,M,3.32,12285693.0,43.97,South
Andhra Pradesh, 30-09-2019,M,5.17,12256762.0,44.68,South
Andhra Pradesh, 31-10-2019,M,3.52,12017412.0,43.01,South
Andhra Pradesh, 30-11-2019,M,4.12,11397681.0,41.0,South
Andhra Pradesh, 31-12-2019,M,4.38,12528395.0,45.14,South
Andhra Pradesh, 31-01-2020,M,4.84,12016676.0,43.46,South
Andhra Pradesh, 29-02-2020,M,5.91,11723617.0,42.83,South
Andhra Pradesh, 31-03-2020,M,4.06,11359660.0,40.66,South
Andhra Pradesh, 30-04-2020,M,16.29,8792827.0,36.03,South
Andhra Pradesh, 31-05-2020,M,14.46,9526902.0,38.16,South
Andhra Pradesh, 30-06-2020,M,0.85,15572975.0,53.76,South
Assam, 31-05-2019,M,4.29,11749334.0,57.39,South
Assam, 30-06-2019,M,5.08,8923222.0,43.87,South
Assam, 31-07-2019,M,4.26,9911534.0,48.21,South
Assam, 31-08-2019,M,5.79,9292039.0,45.83,South
Assam, 30-09-2019,M,4.46,11468349.0,55.67,South
Assam, 31-10-2019,M,4.65,8395906.0,40.76,South
Assam, 30-11-2019,M,4.66,9625362.0,46.64,South
Assam, 31-01-2020,M,4.29,11420996.0,54.9,South
Assam, 29-02-2020,M,3.26,8462814.0,40.17,South
Assam, 31-03-2020,M,3.77,9878742.0,47.05,South
Assam, 31-05-2020,M,9.38,9926176.0,50.0,South
Assam, 30-06-2020,M,0.0,7544937.0,34.38,South
Bihar, 31-05-2019,M,9.27,24322330.0,39.75,South
Bihar, 30-06-2019,M,10.2,24097712.0,39.71,South
Bihar, 31-07-2019,M,13.44,23248875.0,39.66,South
Bihar, 31-08-2019,M,11.0,22260203.0,36.85,South
Bihar, 30-09-2019,M,8.87,23905700.0,38.57,South
Bihar, 31-10-2019,M,12.47,24053140.0,40.31,South
Bihar, 30-11-2019,M,12.4,22445989.0,37.51,South
Bihar, 31-12-2019,M,10.16,22914530.0,37.25,South
Bihar, 31-01-2020,M,9.13,23409006.0,37.54,South
Bihar, 29-02-2020,M,9.61,23168192.0,37.28,South
Bihar, 31-03-2020,M,15.39,22667882.0,38.88,South
Bihar, 30-04-2020,M,45.09,14645275.0,38.63,South
Bihar, 31-05-2020,M,47.26,14050319.0,38.5,South
Bihar, 30-06-2020,M,20.49,20622566.0,37.4,South
Chhattisgarh, 31-05-2019,M,9.82,6259019.0,42.89,South
Chhattisgarh, 30-06-2019,M,6.76,6608626.0,43.71,South
Chhattisgarh, 31-07-2019,M,4.54,6753622.0,43.53,South
Chhattisgarh, 31-08-2019,M,4.64,6607694.0,42.55,South
Chhattisgarh, 30-09-2019,M,8.33,6490776.0,43.38,South
Chhattisgarh, 31-10-2019,M,6.96,7043840.0,46.28,South
Chhattisgarh, 30-11-2019,M,2.77,6942931.0,43.56,South
Chhattisgarh, 31-12-2019,M,6.11,6569385.0,42.59,South
Chhattisgarh, 31-01-2020,M,9.89,6236201.0,42.03,South
Chhattisgarh, 29-02-2020,M,7.89,6847173.0,45.05,South
Chhattisgarh, 31-03-2020,M,7.31,6894808.0,44.98,South
Chhattisgarh, 30-04-2020,M,0.0,6534321.0,39.43,South
Chhattisgarh, 31-05-2020,M,7.64,5454091.0,35.56,South
Chhattisgarh, 30-06-2020,M,10.14,5781095.0,38.66,South
Delhi, 31-05-2019,M,12.56,169487.0,42.33,South
Delhi, 30-06-2019,M,9.33,149076.0,35.74,South
Delhi, 31-07-2019,M,11.07,166605.0,40.53,South
Delhi, 31-08-2019,M,17.18,135407.0,35.21,South
Delhi, 30-09-2019,M,12.5,166056.0,40.68,South
Delhi, 31-10-2019,M,15.84,149511.0,37.9,South
Delhi, 30-11-2019,M,11.11,178768.0,42.71,South
Delhi, 31-12-2019,M,16.97,145671.0,37.08,South
Delhi, 31-01-2020,M,13.48,157791.0,38.36,South
Delhi, 29-02-2020,M,13.81,147500.0,35.84,South
Delhi, 31-03-2020,M,15.18,152413.0,37.45,South
Delhi, 30-04-2020,M,20.69,115487.0,30.21,South
Delhi, 31-05-2020,M,22.76,129610.0,34.65,South
Delhi, 30-06-2020,M,21.14,112108.0,29.22,South
Goa, 31-05-2019,M,2.91,179340.0,39.16,South
Goa, 30-06-2019,M,5.45,170471.0,38.19,South
Goa, 31-07-2019,M,10.98,167437.0,39.81,South
Goa, 31-08-2019,M,1.98,183603.0,39.61,South
Goa, 30-09-2019,M,3.61,163215.0,35.78,South
Goa, 31-10-2019,M,7.21,177440.0,40.36,South
Goa, 30-11-2019,M,23.71,159489.0,44.09,South
Goa, 31-12-2019,M,3.54,177155.0,38.7,South
Goa, 31-01-2020,M,5.38,158936.0,35.36,South
Goa, 29-02-2020,M,0.0,171672.0,36.11,South
Goa, 30-04-2020,M,15.91,181657.0,45.36,South
Goa, 31-05-2020,M,20.0,128538.0,33.71,South
Gujarat, 31-05-2019,M,2.88,13954728.0,52.03,South
Gujarat, 30-06-2019,M,4.77,13199281.0,50.12,South
Gujarat, 31-07-2019,M,4.58,14327083.0,54.21,South
Gujarat, 31-08-2019,M,3.7,13507342.0,50.57,South
Gujarat, 30-09-2019,M,6.29,13280783.0,51.01,South
Gujarat, 31-10-2019,M,4.91,13828512.0,52.27,South
Gujarat, 30-11-2019,M,4.68,14487815.0,54.55,South
Gujarat, 31-12-2019,M,3.46,13877825.0,51.51,South
Gujarat, 31-01-2020,M,5.35,14301844.0,54.07,South
Gujarat, 29-02-2020,M,6.64,13973042.0,53.48,South
Gujarat, 31-03-2020,M,7.59,13483615.0,52.06,South
Gujarat, 30-04-2020,M,12.0,8587594.0,34.77,South
Gujarat, 31-05-2020,M,14.58,11121124.0,46.31,South
Gujarat, 30-06-2020,M,1.41,13243922.0,47.72,South
Haryana, 31-05-2019,M,14.54,5249186.0,45.12,South
Haryana, 30-06-2019,M,23.08,4745178.0,45.23,South
Haryana, 31-07-2019,M,16.22,4826560.0,42.17,South
Haryana, 31-08-2019,M,30.94,4558306.0,48.23,South
Haryana, 30-09-2019,M,16.36,5127956.0,44.72,South
Haryana, 31-10-2019,M,24.17,4798833.0,46.07,South
Haryana, 30-11-2019,M,16.59,4875763.0,42.48,South
Haryana, 31-12-2019,M,29.56,4603484.0,47.4,South
Haryana, 31-01-2020,M,16.21,5062293.0,43.74,South
Haryana, 29-02-2020,M,27.19,4570108.0,45.37,South
Haryana, 31-03-2020,M,23.92,4366148.0,41.4,South
Haryana, 30-04-2020,M,41.61,4041050.0,49.85,South
Haryana, 31-05-2020,M,34.22,3914193.0,42.78,South
Haryana, 30-06-2020,M,35.57,4357835.0,48.53,South
Himachal Pradesh, 31-05-2019,M,13.68,2045760.0,44.23,South
Himachal Pradesh, 30-06-2019,M,11.43,1957081.0,41.18,South
Himachal Pradesh, 31-07-2019,M,20.59,1916824.0,44.91,South
Himachal Pradesh, 31-08-2019,M,18.56,1969248.0,44.91,South
Himachal Pradesh, 30-09-2019,M,15.98,2039804.0,45.02,South
Himachal Pradesh, 31-10-2019,M,15.81,1946957.0,42.81,South
Himachal Pradesh, 30-11-2019,M,22.86,2024409.0,48.5,South
Himachal Pradesh, 31-12-2019,M,19.46,1922821.0,44.05,South
Himachal Pradesh, 31-01-2020,M,16.67,2041035.0,45.11,South
Himachal Pradesh, 29-02-2020,M,15.42,1952464.0,42.45,South
Himachal Pradesh, 31-03-2020,M,17.71,1800426.0,40.17,South
Himachal Pradesh, 30-04-2020,M,2.13,984171.0,18.43,South
Himachal Pradesh, 31-05-2020,M,25.64,1732050.0,42.62,South
Himachal Pradesh, 30-06-2020,M,1.12,2230075.0,41.2,South
Jammu & Kashmir, 31-05-2019,M,12.78,2495186.0,40.57,South
Jammu & Kashmir, 30-06-2019,M,12.09,2423742.0,39.02,South
Jammu & Kashmir, 31-07-2019,M,13.67,2549316.0,41.71,South
Jammu & Kashmir, 31-08-2019,M,11.32,2778624.0,44.17,South
Jammu & Kashmir, 31-10-2019,M,19.27,2477621.0,43.08,South
Jammu & Kashmir, 30-11-2019,M,14.73,2415724.0,39.69,South
Jammu & Kashmir, 31-01-2020,M,22.19,2373488.0,42.56,South
Jammu & Kashmir, 29-02-2020,M,21.23,2163397.0,38.25,South
Jammu & Kashmir, 31-03-2020,M,16.0,2361004.0,39.06,South
Jammu & Kashmir, 31-05-2020,M,2.22,2716966.0,38.46,South
Jammu & Kashmir, 30-06-2020,M,18.97,2049617.0,34.94,South
Jharkhand, 31-05-2019,M,7.11,7035766.0,39.04,South
Jharkhand, 30-06-2019,M,8.46,7319782.0,41.12,South
Jharkhand, 31-07-2019,M,9.98,6958404.0,39.66,South
Jharkhand, 31-08-2019,M,12.06,7015356.0,40.83,South
Jharkhand, 30-09-2019,M,7.12,7500122.0,41.24,South
Jharkhand, 31-10-2019,M,6.57,7761243.0,42.33,South
Jharkhand, 30-11-2019,M,8.07,7279628.0,40.26,South
Jharkhand, 31-12-2019,M,15.15,6873437.0,41.09,South
Jharkhand, 31-01-2020,M,6.16,7868736.0,42.43,South
Jharkhand, 29-02-2020,M,9.06,7932402.0,44.05,South
Jharkhand, 31-03-2020,M,5.01,7157454.0,37.96,South
Jharkhand, 30-04-2020,M,41.72,4280434.0,36.92,South
Jharkhand, 31-05-2020,M,55.1,3315038.0,37.03,South
Jharkhand, 30-06-2020,M,21.53,6375114.0,40.65,South
Karnataka, 31-05-2019,M,5.46,13911440.0,46.36,South
Karnataka, 30-06-2019,M,5.98,12888490.0,43.12,South
Karnataka, 31-07-2019,M,0.52,12169808.0,38.42,South
Karnataka, 31-08-2019,M,0.37,12686470.0,39.93,South
Karnataka, 30-09-2019,M,3.2,13741892.0,44.45,South
Karnataka, 31-10-2019,M,7.13,12803527.0,43.1,South
Karnataka, 30-11-2019,M,1.19,11537217.0,36.45,South
Karnataka, 31-12-2019,M,0.41,12756132.0,39.92,South
Karnataka, 31-01-2020,M,2.57,13938874.0,44.52,South
Karnataka, 29-02-2020,M,4.11,12753657.0,41.33,South
Karnataka, 31-03-2020,M,2.39,12853818.0,40.85,South
Karnataka, 30-04-2020,M,33.17,9330400.0,43.25,South
Karnataka, 31-05-2020,M,23.72,10626328.0,43.09,South
Karnataka, 30-06-2020,M,10.92,15396213.0,53.37,South
Kerala, 31-05-2019,M,6.63,5184355.0,38.07,South
Kerala, 30-06-2019,M,9.0,5605627.0,42.19,South
Kerala, 31-07-2019,M,4.95,4855393.0,34.96,South
Kerala, 31-08-2019,M,10.32,5233449.0,39.9,South
Kerala, 30-09-2019,M,5.35,5400499.0,38.97,South
Kerala, 31-10-2019,M,9.14,5328825.0,40.02,South
Kerala, 30-11-2019,M,5.0,4557906.0,32.71,South
Kerala, 31-12-2019,M,10.77,5065804.0,38.67,South
Kerala, 31-01-2020,M,4.11,5307026.0,37.66,South
Kerala, 29-02-2020,M,8.91,5203579.0,38.84,South
Kerala, 31-03-2020,M,8.85,4141953.0,30.87,South
Kerala, 30-04-2020,M,10.71,1754170.0,13.33,South
Kerala, 31-05-2020,M,23.38,3799919.0,33.62,South
Kerala, 30-06-2020,M,27.66,3952088.0,37.01,South
Madhya Pradesh, 31-05-2019,M,3.63,15349838.0,37.97,South
Madhya Pradesh, 30-06-2019,M,4.25,16294794.0,40.48,South
Madhya Pradesh, 31-07-2019,M,3.92,16274707.0,40.2,South
Madhya Pradesh, 31-08-2019,M,4.94,16559137.0,41.25,South
Madhya Pradesh, 30-09-2019,M,3.08,16159315.0,39.4,South
Madhya Pradesh, 31-10-2019,M,2.98,17060638.0,41.46,South
Madhya Pradesh, 30-11-2019,M,2.72,16306428.0,39.44,South
Madhya Pradesh, 31-12-2019,M,2.94,16854647.0,40.77,South
Madhya Pradesh, 31-01-2020,M,3.66,16183702.0,39.35,South
Madhya Pradesh, 29-02-2020,M,4.42,16178044.0,39.57,South
Madhya Pradesh, 31-03-2020,M,1.19,16480441.0,38.9,South
Madhya Pradesh, 30-04-2020,M,12.5,14238959.0,37.88,South
Madhya Pradesh, 31-05-2020,M,22.46,13099601.0,39.24,South
Madhya Pradesh, 30-06-2020,M,6.46,16748971.0,41.5,South
Maharashtra, 31-05-2019,M,3.67,23896858.0,47.11,South
Maharashtra, 30-06-2019,M,4.34,23056511.0,45.69,South
Maharashtra, 31-07-2019,M,3.66,24843750.0,48.8,South
Maharashtra, 31-08-2019,M,3.76,26835389.0,52.67,South
Maharashtra, 30-09-2019,M,4.4,25219281.0,49.74,South
Maharashtra, 31-10-2019,M,3.81,24330249.0,47.61,South
Maharashtra, 30-11-2019,M,3.68,24881383.0,48.53,South
Maharashtra, 31-12-2019,M,3.03,26357625.0,50.98,South
Maharashtra, 31-01-2020,M,3.8,25881398.0,50.36,South
Maharashtra, 29-02-2020,M,4.24,25293535.0,49.36,South
Maharashtra, 31-03-2020,M,5.38,23130976.0,45.6,South
Maharashtra, 30-04-2020,M,25.28,15014802.0,37.42,South
Maharashtra, 31-05-2020,M,16.89,18423447.0,41.21,South
Maharashtra, 30-06-2020,M,9.4,23601016.0,48.34,South
Meghalaya, 31-05-2019,M,3.16,1119011.0,66.13,South
Meghalaya, 30-06-2019,M,4.23,1024797.0,61.09,South
Meghalaya, 31-07-2019,M,1.03,1158511.0,66.67,South
Meghalaya, 31-08-2019,M,0.52,1065725.0,60.86,South
Meghalaya, 30-09-2019,M,0.24,1162159.0,66.02,South
Meghalaya, 31-10-2019,M,3.7,1080609.0,63.44,South
Meghalaya, 30-11-2019,M,1.5,1205703.0,69.03,South
Meghalaya, 31-12-2019,M,1.8,1102997.0,63.18,South
Meghalaya, 31-01-2020,M,0.97,1229406.0,69.66,South
Meghalaya, 29-02-2020,M,2.76,1112864.0,64.06,South
Meghalaya, 31-03-2020,M,1.28,1192616.0,67.46,South
Meghalaya, 30-04-2020,M,8.38,803118.0,48.83,South
Meghalaya, 31-05-2020,M,3.73,992148.0,57.26,South
Meghalaya, 30-06-2020,M,1.35,1150200.0,64.63,South
Odisha, 31-05-2019,M,4.17,11155753.0,40.47,South
Odisha, 30-06-2019,M,4.71,10965154.0,39.94,South
Odisha, 31-07-2019,M,3.31,12009883.0,43.05,South
Odisha, 31-08-2019,M,3.68,11727659.0,42.13,South
Odisha, 30-09-2019,M,4.31,11167715.0,40.32,South
Odisha, 31-10-2019,M,4.28,11621534.0,41.88,South
Odisha, 30-11-2019,M,4.72,12192623.0,44.06,South
Odisha, 31-12-2019,M,4.67,11345069.0,40.91,South
Odisha, 31-01-2020,M,1.81,11182128.0,39.09,South
Odisha, 29-02-2020,M,3.31,11842655.0,41.98,South
Odisha, 31-03-2020,M,15.09,9814156.0,39.55,South
Odisha, 30-04-2020,M,24.48,5562449.0,25.16,South
Odisha, 31-05-2020,M,9.45,9683719.0,36.48,South
Odisha, 30-06-2020,M,4.59,10187145.0,36.36,South
Puducherry, 31-05-2019,M,0.0,172474.0,43.08,South
Puducherry, 30-06-2019,M,0.0,184527.0,45.95,South
Puducherry, 31-07-2019,M,0.0,139227.0,34.56,South
Puducherry, 31-08-2019,M,4.85,183930.0,47.83,South
Puducherry, 30-09-2019,M,0.0,175718.0,43.34,South
Puducherry, 31-10-2019,M,1.18,180283.0,44.85,South
Puducherry, 30-11-2019,M,0.0,142787.0,35.0,South
Puducherry, 31-12-2019,M,1.99,180808.0,45.07,South
Puducherry, 31-01-2020,M,0.58,176252.0,43.18,South
Puducherry, 29-02-2020,M,1.74,183619.0,45.38,South
Puducherry, 31-03-2020,M,2.31,142176.0,35.23,South
Puducherry, 30-04-2020,M,74.51,49420.0,46.79,South
Punjab, 31-05-2019,M,9.17,6088547.0,44.79,South
Punjab, 30-06-2019,M,12.21,6025235.0,45.79,South
Punjab, 31-07-2019,M,9.64,6308129.0,46.5,South
Punjab, 31-08-2019,M,6.69,6183427.0,44.08,South
Punjab, 30-09-2019,M,8.59,6260971.0,45.49,South
Punjab, 31-10-2019,M,12.56,6021921.0,45.66,South
Punjab, 30-11-2019,M,7.07,6395022.0,45.55,South
Punjab, 31-12-2019,M,6.13,6164215.0,43.4,South
Punjab, 31-01-2020,M,9.69,6189471.0,45.22,South
Punjab, 29-02-2020,M,10.41,6009820.0,44.19,South
Punjab, 31-03-2020,M,10.51,6373692.0,46.85,South
Punjab, 30-04-2020,M,3.69,4721590.0,32.2,South
Punjab, 31-05-2020,M,40.59,3727366.0,41.14,South
Punjab, 30-06-2020,M,20.0,5364047.0,43.9,South
Rajasthan, 31-05-2019,M,4.03,15226005.0,38.52,South
Rajasthan, 30-06-2019,M,13.7,14610564.0,41.02,South
Rajasthan, 31-07-2019,M,9.7,14859873.0,39.78,South
Rajasthan, 31-08-2019,M,12.5,15052051.0,41.48,South
Rajasthan, 30-09-2019,M,5.45,15419779.0,39.24,South
Rajasthan, 31-10-2019,M,14.66,15178544.0,42.69,South
Rajasthan, 30-11-2019,M,10.47,15278556.0,40.87,South
Rajasthan, 31-12-2019,M,13.96,15485307.0,43.0,South
Rajasthan, 31-01-2020,M,8.0,15484353.0,40.12,South
Rajasthan, 29-02-2020,M,14.48,15040572.0,41.83,South
Rajasthan, 31-03-2020,M,9.47,15059769.0,39.47,South
Rajasthan, 30-04-2020,M,12.25,13051219.0,35.21,South
Rajasthan, 31-05-2020,M,10.45,15586833.0,41.11,South
Rajasthan, 30-06-2020,M,13.86,16076978.0,43.98,South
Sikkim, 31-10-2019,M,5.48,146688.0,44.06,South
Sikkim, 30-11-2019,M,13.11,162426.0,53.04,South
Sikkim, 31-12-2019,M,1.0,161647.0,46.3,South
Sikkim, 30-04-2020,M,0.0,133399.0,37.72,South
Sikkim, 30-06-2020,M,5.81,141313.0,42.36,South
Tamil Nadu, 31-05-2019,M,0.97,15844698.0,49.44,South
Tamil Nadu, 30-06-2019,M,0.92,16375303.0,50.99,South
Tamil Nadu, 31-07-2019,M,6.01,16455928.0,53.94,South
Tamil Nadu, 31-08-2019,M,2.91,16463931.0,52.17,South
Tamil Nadu, 30-09-2019,M,1.71,14595441.0,45.62,South
Tamil Nadu, 31-10-2019,M,1.46,15595647.0,48.55,South
Tamil Nadu, 30-11-2019,M,2.46,16223430.0,50.95,South
Tamil Nadu, 31-12-2019,M,3.73,15356938.0,48.8,South
Tamil Nadu, 31-01-2020,M,1.18,14954646.0,46.23,South
Tamil Nadu, 29-02-2020,M,1.17,15828488.0,48.86,South
Tamil Nadu, 31-03-2020,M,6.36,15848590.0,51.56,South
Tamil Nadu, 30-04-2020,M,53.19,5086200.0,33.05,South
Tamil Nadu, 31-05-2020,M,38.73,5768342.0,28.6,South
Tamil Nadu, 30-06-2020,M,2.06,10169115.0,31.49,South
Telangana, 31-05-2019,M,2.23,11053353.0,61.74,South
Telangana, 30-06-2019,M,5.92,10728822.0,62.19,South
Telangana, 31-07-2019,M,2.45,11538688.0,64.4,South
Telangana, 31-08-2019,M,1.4,10743959.0,59.23,South
Telangana, 30-09-2019,M,5.49,12636415.0,72.57,South
Telangana, 31-10-2019,M,7.29,11375354.0,66.49,South
Telangana, 30-11-2019,M,6.47,11265828.0,65.17,South
Telangana, 31-12-2019,M,1.35,11068056.0,60.61,South
Telangana, 31-01-2020,M,5.02,12065915.0,68.51,South
Telangana, 29-02-2020,M,9.02,11304474.0,66.92,South
Telangana, 31-03-2020,M,5.63,12028377.0,68.53,South
Telangana, 30-04-2020,M,4.51,8793799.0,49.44,South
Telangana, 31-05-2020,M,34.01,7508747.0,61.0,South
Telangana, 30-06-2020,M,19.3,8891181.0,58.97,South
Tripura, 31-05-2019,M,29.25,1019549.0,64.47,South
Tripura, 30-06-2019,M,26.64,1107013.0,67.4,South
Tripura, 31-07-2019,M,22.47,1052597.0,60.54,South
Tripura, 31-08-2019,M,25.49,975501.0,58.29,South
Tripura, 30-09-2019,M,30.23,1034408.0,65.9,South
Tripura, 31-10-2019,M,27.54,1113764.0,68.21,South
Tripura, 30-11-2019,M,25.25,1084633.0,64.29,South
Tripura, 31-12-2019,M,26.53,1046878.0,63.02,South
Tripura, 31-01-2020,M,31.91,1057975.0,68.61,South
Tripura, 29-02-2020,M,26.22,1169347.0,69.88,South
Tripura, 31-03-2020,M,31.61,1060946.0,68.28,South
Tripura, 30-04-2020,M,43.64,675083.0,52.63,South
Tripura, 31-05-2020,M,14.71,911789.0,46.9,South
Tripura, 30-06-2020,M,18.84,1106978.0,59.74,South
Uttar Pradesh, 31-05-2019,M,10.26,43287808.0,39.96,South
Uttar Pradesh, 30-06-2019,M,11.13,42276572.0,39.32,South
Uttar Pradesh, 31-07-2019,M,9.19,42697000.0,38.78,South
Uttar Pradesh, 31-08-2019,M,11.47,43298746.0,40.24,South
Uttar Pradesh, 30-09-2019,M,6.45,44198762.0,38.79,South
Uttar Pradesh, 31-10-2019,M,10.18,42833265.0,39.07,South
Uttar Pradesh, 30-11-2019,M,6.94,43261530.0,38.01,South
Uttar Pradesh, 31-12-2019,M,8.43,44640087.0,39.77,South
Uttar Pradesh, 31-01-2020,M,6.06,45777509.0,39.67,South
Uttar Pradesh, 29-02-2020,M,8.12,44257432.0,39.13,South
Uttar Pradesh, 31-03-2020,M,9.37,43086706.0,38.53,South
Uttar Pradesh, 30-04-2020,M,19.92,39970677.0,40.37,South
Uttar Pradesh, 31-05-2020,M,16.89,38640999.0,37.52,South
Uttar Pradesh, 30-06-2020,M,8.51,41908909.0,36.89,South
Uttarakhand, 31-05-2019,M,1.63,2108044.0,37.47,South
Uttarakhand, 30-06-2019,M,4.65,2021553.0,37.01,South
Uttarakhand, 31-07-2019,M,5.74,2000524.0,36.97,South
Uttarakhand, 31-08-2019,M,6.11,1911380.0,35.39,South
Uttarakhand, 30-09-2019,M,3.47,2157845.0,38.79,South
Uttarakhand, 31-10-2019,M,4.83,2027662.0,36.9,South
Uttarakhand, 30-11-2019,M,5.56,2007113.0,36.73,South
Uttarakhand, 31-12-2019,M,4.52,1947566.0,35.19,South
Uttarakhand, 31-01-2020,M,4.17,1986386.0,35.69,South
Uttarakhand, 29-02-2020,M,4.85,2057523.0,37.16,South
Uttarakhand, 30-04-2020,M,3.66,1972074.0,35.04,South
Uttarakhand, 31-05-2020,M,3.57,1915482.0,33.94,South
Uttarakhand, 30-06-2020,M,10.71,1675441.0,32.0,South
West Bengal, 31-05-2019,M,6.02,23452875.0,46.41,South
West Bengal, 30-06-2019,M,5.85,25543465.0,50.36,South
West Bengal, 31-07-2019,M,5.62,24857807.0,48.78,South
West Bengal, 31-08-2019,M,5.58,24924827.0,48.79,South
West Bengal, 30-09-2019,M,5.26,25610773.0,49.87,South
West Bengal, 31-10-2019,M,6.78,24353018.0,48.09,South
West Bengal, 30-11-2019,M,5.83,25630359.0,50.0,South
West Bengal, 31-12-2019,M,5.79,24906239.0,48.47,South
West Bengal, 31-01-2020,M,6.79,24612171.0,48.3,South
West Bengal, 29-02-2020,M,3.78,26093009.0,49.51,South
West Bengal, 31-03-2020,M,7.02,25097812.0,49.18,South
West Bengal, 30-04-2020,M,18.32,17639370.0,39.27,South
West Bengal, 31-05-2020,M,18.43,19115772.0,42.53,South
West Bengal, 30-06-2020,M,4.94,21225887.0,40.44,South
Andhra Pradesh, 31-05-2019,M,6.09,4788661.0,37.45,Northeast
Andhra Pradesh, 30-06-2019,M,3.8,4824630.0,36.76,Northeast
Andhra Pradesh, 31-07-2019,M,5.64,4657443.0,36.1,Northeast
Andhra Pradesh, 31-08-2019,M,4.61,4743179.0,36.29,Northeast
Andhra Pradesh, 30-09-2019,M,6.01,4733996.0,36.69,Northeast
Andhra Pradesh, 31-10-2019,M,4.7,4774377.0,36.41,Northeast
Andhra Pradesh, 30-11-2019,M,7.54,4668772.0,36.62,Northeast
Andhra Pradesh, 31-12-2019,M,7.88,4913963.0,38.61,Northeast
Andhra Pradesh, 31-01-2020,M,7.11,4618860.0,35.91,Northeast
Andhra Pradesh, 29-02-2020,M,5.66,4822035.0,36.84,Northeast
Andhra Pradesh, 31-03-2020,M,9.88,4521537.0,36.08,Northeast
Andhra Pradesh, 30-04-2020,M,32.3,2544084.0,26.97,Northeast
Andhra Pradesh, 31-05-2020,M,24.91,3428356.0,32.69,Northeast
Andhra Pradesh, 30-06-2020,M,5.86,4954389.0,37.61,Northeast
Assam, 31-05-2019,M,7.87,1671707.0,44.92,Northeast
Assam, 30-06-2019,M,9.89,1647342.0,45.17,Northeast
Assam, 31-07-2019,M,3.21,1739838.0,44.32,Northeast
Assam, 31-08-2019,M,10.39,1595582.0,43.81,Northeast
Assam, 30-09-2019,M,9.26,1576480.0,42.66,Northeast
Assam, 31-10-2019,M,11.17,1595176.0,44.01,Northeast
Assam, 30-11-2019,M,6.31,1708045.0,44.59,Northeast
Assam, 31-12-2019,M,5.02,1722303.0,44.26,Northeast
Assam, 31-01-2020,M,7.24,1630908.0,42.82,Northeast
Assam, 29-02-2020,M,9.98,1625454.0,43.9,Northeast
Assam, 31-03-2020,M,10.34,1664145.0,45.03,Northeast
Assam, 30-04-2020,M,8.37,1454956.0,38.45,Northeast
Assam, 31-05-2020,M,10.77,1441722.0,39.04,Northeast
Assam, 30-06-2020,M,3.42,1551007.0,38.73,Northeast
Bihar, 31-05-2019,M,19.9,3029344.0,39.8,Northeast
Bihar, 30-06-2019,M,13.29,3248864.0,39.35,Northeast
Bihar, 31-07-2019,M,16.41,3059744.0,38.36,Northeast
Bihar, 31-08-2019,M,17.66,2994763.0,38.03,Northeast
Bihar, 30-09-2019,M,20.46,2992082.0,39.25,Northeast
Bihar, 31-10-2019,M,14.06,3173429.0,38.45,Northeast
Bihar, 30-11-2019,M,17.62,3081077.0,38.86,Northeast
Bihar, 31-12-2019,M,14.91,2977857.0,36.29,Northeast
Bihar, 31-01-2020,M,20.69,2988665.0,38.99,Northeast
Bihar, 29-02-2020,M,15.11,3113464.0,37.87,Northeast
Bihar, 31-03-2020,M,15.73,3049637.0,37.29,Northeast
Bihar, 30-04-2020,M,58.77,1400962.0,34.94,Northeast
Bihar, 31-05-2020,M,37.87,2207026.0,36.45,Northeast
Bihar, 30-06-2020,M,12.45,3124663.0,36.54,Northeast
Chandigarh, 31-05-2019,M,18.35,348042.0,44.89,Northeast
Chandigarh, 30-06-2019,M,12.4,337145.0,40.44,Northeast
Chandigarh, 31-07-2019,M,21.8,294379.0,39.47,Northeast
Chandigarh, 31-08-2019,M,9.52,328282.0,37.95,Northeast
Chandigarh, 30-09-2019,M,20.14,327239.0,42.77,Northeast
Chandigarh, 31-10-2019,M,13.99,330856.0,40.06,Northeast
Chandigarh, 30-11-2019,M,22.05,289593.0,38.6,Northeast
Chandigarh, 31-12-2019,M,8.33,311146.0,35.19,Northeast
Chandigarh, 31-01-2020,M,20.0,332062.0,42.94,Northeast
Chandigarh, 29-02-2020,M,16.67,316887.0,39.25,Northeast
Chandigarh, 31-03-2020,M,21.43,279839.0,36.68,Northeast
Chandigarh, 30-06-2020,M,7.22,306505.0,33.8,Northeast
Chhattisgarh, 31-05-2019,M,9.77,2223129.0,45.61,Northeast
Chhattisgarh, 30-06-2019,M,11.77,2192020.0,45.88,Northeast
Chhattisgarh, 31-07-2019,M,8.17,2285436.0,45.85,Northeast
Chhattisgarh, 31-08-2019,M,6.29,2392400.0,46.91,Northeast
Chhattisgarh, 30-09-2019,M,9.46,2311507.0,46.8,Northeast
Chhattisgarh, 31-10-2019,M,10.27,2297096.0,46.82,Northeast
Chhattisgarh, 30-11-2019,M,8.32,2341284.0,46.59,Northeast
Chhattisgarh, 31-12-2019,M,3.57,2415436.0,45.59,Northeast
Chhattisgarh, 31-01-2020,M,9.01,2315972.0,46.21,Northeast
Chhattisgarh, 29-02-2020,M,9.79,2347941.0,47.14,Northeast
Chhattisgarh, 31-03-2020,M,8.21,2407509.0,47.39,Northeast
Chhattisgarh, 30-04-2020,M,20.13,1066126.0,24.06,Northeast
Chhattisgarh, 31-05-2020,M,24.1,1276291.0,30.24,Northeast
Chhattisgarh, 30-06-2020,M,27.07,1602231.0,39.41,Northeast
Delhi, 31-05-2019,M,12.31,5756475.0,44.17,Northeast
Delhi, 30-06-2019,M,12.76,5550172.0,42.71,Northeast
Delhi, 31-07-2019,M,14.68,5393091.0,42.34,Northeast
Delhi, 31-08-2019,M,13.52,5552510.0,42.9,Northeast
Delhi, 30-09-2019,M,20.59,5642253.0,47.36,Northeast
Delhi, 31-10-2019,M,12.41,6030363.0,45.78,Northeast
Delhi, 30-11-2019,M,16.11,5439600.0,43.02,Northeast
Delhi, 31-12-2019,M,11.07,5718337.0,42.56,Northeast
Delhi, 31-01-2020,M,22.45,5647493.0,48.09,Northeast
Delhi, 29-02-2020,M,14.86,5708807.0,44.18,Northeast
Delhi, 31-03-2020,M,17.09,5401392.0,42.82,Northeast
Delhi, 30-04-2020,M,16.51,3003787.0,23.59,Northeast
Delhi, 31-05-2020,M,45.78,2343783.0,28.28,Northeast
Delhi, 30-06-2020,M,18.11,4306807.0,34.32,Northeast
Goa, 31-05-2019,M,2.75,264855.0,34.17,Northeast
Goa, 30-06-2019,M,13.33,304015.0,43.96,Northeast
Goa, 31-07-2019,M,12.28,280367.0,40.0,Northeast
Goa, 31-08-2019,M,4.9,243277.0,31.97,Northeast
Goa, 30-09-2019,M,3.16,309643.0,39.92,Northeast
Goa, 31-10-2019,M,12.31,290264.0,41.27,Northeast
Goa, 30-11-2019,M,25.2,271612.0,45.22,Northeast
Goa, 31-12-2019,M,16.22,288154.0,42.77,Northeast
Goa, 31-01-2020,M,10.92,257814.0,35.95,Northeast
Goa, 29-02-2020,M,4.31,306396.0,39.73,Northeast
Goa, 31-03-2020,M,4.76,277093.0,36.05,Northeast
Goa, 30-04-2020,M,11.76,318957.0,44.74,Northeast
Gujarat, 31-05-2019,M,4.09,9686558.0,41.67,Northeast
Gujarat, 30-06-2019,M,6.31,10144965.0,44.57,Northeast
Gujarat, 31-07-2019,M,5.15,9828023.0,42.54,Northeast
Gujarat, 31-08-2019,M,4.2,10228154.0,43.72,Northeast
Gujarat, 30-09-2019,M,5.96,9609939.0,41.75,Northeast
Gujarat, 31-10-2019,M,5.45,10474217.0,45.14,Northeast
Gujarat, 30-11-2019,M,7.53,9896129.0,43.5,Northeast
Gujarat, 31-12-2019,M,5.71,10172812.0,43.75,Northeast
Gujarat, 31-01-2020,M,5.82,9824501.0,42.19,Northeast
Gujarat, 29-02-2020,M,6.04,10784753.0,46.31,Northeast
Gujarat, 31-03-2020,M,5.39,10083026.0,42.9,Northeast
Gujarat, 30-04-2020,M,25.94,6701284.0,36.33,Northeast
Gujarat, 31-05-2020,M,11.62,6072776.0,27.52,Northeast
Gujarat, 30-06-2020,M,4.54,10574711.0,44.26,Northeast
Haryana, 31-05-2019,M,24.67,2693596.0,43.18,Northeast
Haryana, 30-06-2019,M,20.42,2845190.0,43.06,Northeast
Haryana, 31-07-2019,M,25.45,2405973.0,38.77,Northeast
Haryana, 31-08-2019,M,24.19,2523005.0,39.87,Northeast
Haryana, 30-09-2019,M,26.84,2675862.0,43.7,Northeast
Haryana, 31-10-2019,M,21.04,2821456.0,42.58,Northeast
Haryana, 30-11-2019,M,27.06,2404239.0,39.18,Northeast
Haryana, 31-12-2019,M,23.65,2548835.0,39.57,Northeast
Haryana, 31-01-2020,M,27.24,2630938.0,42.75,Northeast
Haryana, 29-02-2020,M,23.29,2752834.0,42.32,Northeast
Haryana, 31-03-2020,M,27.14,2275407.0,36.73,Northeast
Haryana, 30-04-2020,M,46.89,1606580.0,35.48,Northeast
Haryana, 31-05-2020,M,38.46,2013083.0,38.27,Northeast
Haryana, 30-06-2020,M,29.41,2304138.0,38.09,Northeast
Himachal Pradesh, 31-05-2019,M,10.88,245668.0,45.27,Northeast
Himachal Pradesh, 30-06-2019,M,21.43,237576.0,49.58,Northeast
Himachal Pradesh, 31-07-2019,M,21.51,235894.0,49.22,Northeast
Himachal Pradesh, 31-08-2019,M,24.48,236315.0,51.17,Northeast
Himachal Pradesh, 30-09-2019,M,12.0,247210.0,45.87,Northeast
Himachal Pradesh, 31-10-2019,M,23.77,232322.0,49.69,Northeast
Himachal Pradesh, 30-11-2019,M,27.27,233029.0,52.17,Northeast
Himachal Pradesh, 31-12-2019,M,25.32,241366.0,52.55,Northeast
Himachal Pradesh, 31-01-2020,M,18.15,246596.0,48.92,Northeast
Himachal Pradesh, 29-02-2020,M,27.31,227804.0,50.82,Northeast
Himachal Pradesh, 31-03-2020,M,26.44,221432.0,48.74,Northeast
Himachal Pradesh, 30-04-2020,M,2.7,146957.0,24.42,Northeast
Himachal Pradesh, 31-05-2020,M,50.0,134868.0,43.55,Northeast
Himachal Pradesh, 30-06-2020,M,10.81,224902.0,40.66,Northeast
Jammu & Kashmir, 31-05-2019,M,23.04,1130139.0,46.74,Northeast
Jammu & Kashmir, 30-06-2019,M,19.88,1139815.0,45.17,Northeast
Jammu & Kashmir, 31-07-2019,M,21.55,1183770.0,47.8,Northeast
Jammu & Kashmir, 31-10-2019,M,24.06,1029087.0,42.63,Northeast
Jammu & Kashmir, 30-11-2019,M,14.29,1226793.0,44.92,Northeast
Jammu & Kashmir, 31-12-2019,M,7.02,1209085.0,40.71,Northeast
Jammu & Kashmir, 31-01-2020,M,18.54,1079537.0,41.4,Northeast
Jammu & Kashmir, 29-02-2020,M,19.86,1060116.0,41.23,Northeast
Jammu & Kashmir, 31-03-2020,M,14.29,998103.0,36.21,Northeast
Jammu & Kashmir, 31-05-2020,M,12.96,937435.0,33.33,Northeast
Jharkhand, 31-05-2019,M,17.23,2404033.0,43.25,Northeast
Jharkhand, 30-06-2019,M,20.51,2326911.0,43.51,Northeast
Jharkhand, 31-07-2019,M,15.67,2434579.0,42.82,Northeast
Jharkhand, 31-08-2019,M,20.25,2335406.0,43.35,Northeast
Jharkhand, 30-09-2019,M,21.16,2357627.0,44.18,Northeast
Jharkhand, 31-10-2019,M,19.05,2460196.0,44.82,Northeast
Jharkhand, 30-11-2019,M,17.34,2424281.0,43.17,Northeast
Jharkhand, 31-12-2019,M,22.01,2290170.0,43.14,Northeast
Jharkhand, 31-01-2020,M,22.96,2329293.0,44.33,Northeast
Jharkhand, 29-02-2020,M,19.67,2493023.0,45.42,Northeast
Jharkhand, 31-03-2020,M,16.4,2480661.0,43.34,Northeast
Jharkhand, 30-04-2020,M,61.48,1054829.0,39.92,Northeast
Jharkhand, 31-05-2020,M,70.17,830347.0,40.49,Northeast
Jharkhand, 30-06-2020,M,19.38,2244460.0,40.43,Northeast
Karnataka, 31-05-2019,M,6.56,8638239.0,40.62,Northeast
Karnataka, 30-06-2019,M,5.0,8862498.0,40.89,Northeast
Karnataka, 31-07-2019,M,2.29,8738029.0,39.09,Northeast
Karnataka, 31-08-2019,M,1.27,8614340.0,38.04,Northeast
Karnataka, 30-09-2019,M,3.57,8647794.0,39.0,Northeast
Karnataka, 31-10-2019,M,3.87,8799249.0,39.7,Northeast
Karnataka, 30-11-2019,M,3.44,8613835.0,38.6,Northeast
Karnataka, 31-12-2019,M,1.56,8592376.0,37.66,Northeast
Karnataka, 31-01-2020,M,3.31,8749154.0,38.94,Northeast
Karnataka, 29-02-2020,M,2.88,8924061.0,39.45,Northeast
Karnataka, 31-03-2020,M,4.92,9225835.0,41.55,Northeast
Karnataka, 30-04-2020,M,25.12,7387995.0,42.14,Northeast
Karnataka, 31-05-2020,M,15.88,8669258.0,43.9,Northeast
Karnataka, 30-06-2020,M,6.12,8822411.0,39.93,Northeast
Kerala, 31-05-2019,M,6.11,4605913.0,36.65,Northeast
Kerala, 30-06-2019,M,6.67,4678374.0,37.42,Northeast
Kerala, 31-07-2019,M,7.58,4105211.0,33.13,Northeast
Kerala, 31-08-2019,M,7.69,4448650.0,35.91,Northeast
Kerala, 30-09-2019,M,5.52,4640642.0,36.57,Northeast
Kerala, 31-10-2019,M,5.35,4644510.0,36.49,Northeast
Kerala, 30-11-2019,M,6.71,4062767.0,32.36,Northeast
Kerala, 31-12-2019,M,7.31,4440283.0,35.56,Northeast
Kerala, 31-01-2020,M,6.65,4597507.0,36.53,Northeast
Kerala, 29-02-2020,M,6.08,4624444.0,36.48,Northeast
Kerala, 31-03-2020,M,9.14,4079775.0,33.24,Northeast
Kerala, 30-04-2020,M,21.43,2179106.0,20.51,Northeast
Kerala, 31-05-2020,M,30.28,2826118.0,29.95,Northeast
Kerala, 30-06-2020,M,12.17,4601293.0,38.68,Northeast
Madhya Pradesh, 31-05-2019,M,3.91,6692720.0,38.96,Northeast
Madhya Pradesh, 30-06-2019,M,6.38,6509340.0,38.8,Northeast
Madhya Pradesh, 31-07-2019,M,7.38,6266446.0,37.67,Northeast
Madhya Pradesh, 31-08-2019,M,6.82,6809834.0,40.6,Northeast
Madhya Pradesh, 30-09-2019,M,7.0,6655967.0,39.67,Northeast
Madhya Pradesh, 31-10-2019,M,4.4,6603715.0,38.2,Northeast
Madhya Pradesh, 30-11-2019,M,6.06,6459457.0,37.94,Northeast
Madhya Pradesh, 31-12-2019,M,6.2,6787403.0,39.83,Northeast
Madhya Pradesh, 31-01-2020,M,5.17,6834930.0,39.59,Northeast
Madhya Pradesh, 29-02-2020,M,4.96,6533435.0,37.68,Northeast
Madhya Pradesh, 31-03-2020,M,4.8,6386723.0,36.68,Northeast
Madhya Pradesh, 30-04-2020,M,11.94,4802873.0,29.76,Northeast
Madhya Pradesh, 31-05-2020,M,40.49,3879934.0,35.49,Northeast
Madhya Pradesh, 30-06-2020,M,12.72,6221562.0,38.72,Northeast
Maharashtra, 31-05-2019,M,6.08,16962574.0,38.3,Northeast
Maharashtra, 30-06-2019,M,6.46,17375053.0,39.3,Northeast
Maharashtra, 31-07-2019,M,6.35,17215677.0,38.81,Northeast
Maharashtra, 31-08-2019,M,7.57,16602767.0,37.84,Northeast
Maharashtra, 30-09-2019,M,7.6,17396398.0,39.58,Northeast
Maharashtra, 31-10-2019,M,7.51,17221991.0,39.05,Northeast
Maharashtra, 30-11-2019,M,7.6,17486683.0,39.61,Northeast
Maharashtra, 31-12-2019,M,7.83,16581144.0,37.57,Northeast
Maharashtra, 31-01-2020,M,6.67,16715470.0,37.32,Northeast
Maharashtra, 29-02-2020,M,5.34,17122782.0,37.61,Northeast
Maharashtra, 31-03-2020,M,6.34,17065830.0,37.8,Northeast
Maharashtra, 30-04-2020,M,14.99,12674451.0,30.86,Northeast
Maharashtra, 31-05-2020,M,15.92,12365754.0,30.38,Northeast
Maharashtra, 30-06-2020,M,10.01,16172690.0,37.04,Northeast
Meghalaya, 31-05-2019,M,8.4,228978.0,47.79,Northeast
Meghalaya, 30-06-2019,M,8.66,231252.0,48.29,Northeast
Meghalaya, 31-07-2019,M,4.43,284015.0,56.55,Northeast
Meghalaya, 31-08-2019,M,5.8,259433.0,52.27,Northeast
Meghalaya, 30-09-2019,M,5.3,253887.0,50.77,Northeast
Meghalaya, 31-10-2019,M,7.2,234375.0,47.71,Northeast
Meghalaya, 30-11-2019,M,3.02,293431.0,57.02,Northeast
Meghalaya, 31-12-2019,M,5.21,267417.0,53.04,Northeast
Meghalaya, 31-01-2020,M,4.76,261687.0,51.53,Northeast
Meghalaya, 29-02-2020,M,7.37,233965.0,47.26,Northeast
Meghalaya, 31-03-2020,M,2.8,289735.0,55.64,Northeast
Meghalaya, 30-04-2020,M,17.39,161939.0,36.51,Northeast
Meghalaya, 31-05-2020,M,14.58,222916.0,48.48,Northeast
Odisha, 31-05-2019,M,2.95,2519582.0,41.26,Northeast
Odisha, 30-06-2019,M,2.63,2356290.0,38.39,Northeast
Odisha, 31-07-2019,M,1.78,2542237.0,40.99,Northeast
Odisha, 31-08-2019,M,3.5,2456983.0,40.25,Northeast
Odisha, 30-09-2019,M,3.78,2570663.0,42.15,Northeast
Odisha, 31-10-2019,M,4.5,2456855.0,40.51,Northeast
Odisha, 30-11-2019,M,2.23,2594469.0,41.71,Northeast
Odisha, 31-12-2019,M,3.36,2369048.0,38.46,Northeast
Odisha, 31-01-2020,M,2.28,2561320.0,41.05,Northeast
Odisha, 29-02-2020,M,2.19,2438080.0,38.97,Northeast
Odisha, 31-03-2020,M,3.96,2457952.0,39.93,Northeast
Odisha, 30-04-2020,M,20.5,1303244.0,25.53,Northeast
Odisha, 31-05-2020,M,10.0,1975481.0,34.12,Northeast
Odisha, 30-06-2020,M,2.18,2221069.0,35.24,Northeast
Puducherry, 31-05-2019,M,1.25,283905.0,35.71,Northeast
Puducherry, 30-06-2019,M,0.0,304369.0,37.73,Northeast
Puducherry, 31-07-2019,M,0.0,281117.0,34.77,Northeast
Puducherry, 31-08-2019,M,8.95,312882.0,42.41,Northeast
Puducherry, 30-09-2019,M,1.22,286573.0,35.73,Northeast
Puducherry, 31-10-2019,M,1.17,312548.0,38.86,Northeast
Puducherry, 30-11-2019,M,1.37,275003.0,34.19,Northeast
Puducherry, 31-12-2019,M,5.21,313135.0,40.42,Northeast
Puducherry, 31-01-2020,M,0.57,281698.0,34.59,Northeast
Puducherry, 29-02-2020,M,1.78,310342.0,38.5,Northeast
Puducherry, 31-03-2020,M,0.62,278851.0,34.12,Northeast
Puducherry, 30-04-2020,M,76.74,68122.0,35.54,Northeast
Puducherry, 31-05-2020,M,75.0,64538.0,31.25,Northeast
Puducherry, 30-06-2020,M,4.55,234926.0,29.73,Northeast
Punjab, 31-05-2019,M,13.49,3289918.0,40.03,Northeast
Punjab, 30-06-2019,M,13.17,3307798.0,40.02,Northeast
Punjab, 31-07-2019,M,11.61,3592442.0,42.62,Northeast
Punjab, 31-08-2019,M,11.99,3499863.0,41.61,Northeast
Punjab, 30-09-2019,M,15.69,3227178.0,39.97,Northeast
Punjab, 31-10-2019,M,13.75,3070438.0,37.1,Northeast
Punjab, 30-11-2019,M,10.39,3602243.0,41.82,Northeast
Punjab, 31-12-2019,M,11.97,3575778.0,42.17,Northeast
Punjab, 31-01-2020,M,13.68,3252622.0,39.04,Northeast
Punjab, 29-02-2020,M,11.99,3219227.0,37.82,Northeast
Punjab, 31-03-2020,M,9.97,3601793.0,41.29,Northeast
Punjab, 30-04-2020,M,1.13,2298975.0,23.95,Northeast
Punjab, 31-05-2020,M,20.54,2682658.0,34.71,Northeast
Punjab, 30-06-2020,M,10.55,3047750.0,34.96,Northeast
Rajasthan, 31-05-2019,M,13.62,5108436.0,39.44,Northeast
Rajasthan, 30-06-2019,M,14.36,5241174.0,40.73,Northeast
Rajasthan, 31-07-2019,M,11.67,5372470.0,40.38,Northeast
Rajasthan, 31-08-2019,M,14.71,5195170.0,40.34,Northeast
Rajasthan, 30-09-2019,M,12.63,5176819.0,39.15,Northeast
Rajasthan, 31-10-2019,M,13.02,5384335.0,40.8,Northeast
Rajasthan, 30-11-2019,M,14.3,5306715.0,40.73,Northeast
Rajasthan, 31-12-2019,M,18.04,5109481.0,40.9,Northeast
Rajasthan, 31-01-2020,M,18.82,5157363.0,41.59,Northeast
Rajasthan, 29-02-2020,M,17.02,5288343.0,41.62,Northeast
Rajasthan, 31-03-2020,M,18.54,4964911.0,39.71,Northeast
Rajasthan, 30-04-2020,M,35.53,2932923.0,29.57,Northeast
Rajasthan, 31-05-2020,M,25.35,4225486.0,36.71,Northeast
Rajasthan, 30-06-2020,M,13.04,5275784.0,39.26,Northeast
Sikkim, 31-05-2019,M,8.2,89587.0,48.61,Northeast
Sikkim, 30-06-2019,M,7.76,89702.0,48.13,Northeast
Sikkim, 31-07-2019,M,2.56,108334.0,54.67,Northeast
Sikkim, 31-08-2019,M,4.82,90850.0,46.63,Northeast
Sikkim, 30-09-2019,M,4.81,89450.0,45.61,Northeast
Sikkim, 31-10-2019,M,9.68,87974.0,46.97,Northeast
Sikkim, 30-11-2019,M,4.04,107751.0,53.8,Northeast
Sikkim, 31-12-2019,M,7.37,88035.0,45.24,Northeast
Sikkim, 31-03-2020,M,20.45,86186.0,50.57,Northeast
Sikkim, 30-04-2020,M,5.77,81905.0,40.31,Northeast
Sikkim, 31-05-2020,M,19.75,75456.0,43.32,Northeast
Sikkim, 30-06-2020,M,2.63,76269.0,35.85,Northeast
Tamil Nadu, 31-05-2019,M,0.89,11798080.0,37.31,Northeast
Tamil Nadu, 30-06-2019,M,1.56,12318745.0,39.16,Northeast
Tamil Nadu, 31-07-2019,M,3.18,12054414.0,38.89,Northeast
Tamil Nadu, 31-08-2019,M,9.53,11933093.0,41.13,Northeast
Tamil Nadu, 30-09-2019,M,1.86,11902824.0,37.76,Northeast
Tamil Nadu, 31-10-2019,M,1.13,12223948.0,38.42,Northeast
Tamil Nadu, 30-11-2019,M,2.65,11729952.0,37.38,Northeast
Tamil Nadu, 31-12-2019,M,8.05,12260389.0,41.29,Northeast
Tamil Nadu, 31-01-2020,M,2.05,11926995.0,37.64,Northeast
Tamil Nadu, 29-02-2020,M,3.31,11742101.0,37.48,Northeast
Tamil Nadu, 31-03-2020,M,6.46,10982178.0,36.17,Northeast
Tamil Nadu, 30-04-2020,M,45.55,4632967.0,26.17,Northeast
Tamil Nadu, 31-05-2020,M,25.95,5733921.0,23.77,Northeast
Tamil Nadu, 30-06-2020,M,24.93,7741005.0,31.6,Northeast
Telangana, 31-05-2019,M,1.52,5560649.0,44.59,Northeast
Telangana, 30-06-2019,M,1.43,5683349.0,45.43,Northeast
Telangana, 31-07-2019,M,3.73,5432503.0,44.36,Northeast
Telangana, 31-08-2019,M,4.19,5544693.0,45.39,Northeast
Telangana, 30-09-2019,M,6.19,5668785.0,47.28,Northeast
Telangana, 31-10-2019,M,6.74,5318341.0,44.51,Northeast
Telangana, 30-11-2019,M,5.23,5338119.0,43.87,Northeast
Telangana, 31-12-2019,M,4.22,5317782.0,43.13,Northeast
Telangana, 31-01-2020,M,6.49,5543380.0,45.95,Northeast
Telangana, 29-02-2020,M,6.74,5521496.0,45.78,Northeast
Telangana, 31-03-2020,M,6.1,5313236.0,43.65,Northeast
Telangana, 30-04-2020,M,10.5,3378431.0,29.05,Northeast
Telangana, 31-05-2020,M,36.57,3108830.0,37.63,Northeast
Telangana, 30-06-2020,M,6.92,4577995.0,37.68,Northeast
Tripura, 31-05-2019,M,34.69,423127.0,69.5,Northeast
Tripura, 30-06-2019,M,25.59,408738.0,58.8,Northeast
Tripura, 31-07-2019,M,25.81,410583.0,59.1,Northeast
Tripura, 31-08-2019,M,33.45,368977.0,59.07,Northeast
Tripura, 30-09-2019,M,33.57,418043.0,66.9,Northeast
Tripura, 31-10-2019,M,26.67,414808.0,60.0,Northeast
Tripura, 30-11-2019,M,27.15,427700.0,62.14,Northeast
Tripura, 31-12-2019,M,33.48,399427.0,63.41,Northeast
Tripura, 31-01-2020,M,34.37,450155.0,72.26,Northeast
Tripura, 29-02-2020,M,33.88,415339.0,66.04,Northeast
Tripura, 31-03-2020,M,25.69,450271.0,63.56,Northeast
Tripura, 30-04-2020,M,34.88,296431.0,47.65,Northeast
Tripura, 31-05-2020,M,16.78,384999.0,48.31,Northeast
Tripura, 30-06-2020,M,27.47,391015.0,56.17,Northeast
Uttar Pradesh, 31-05-2019,M,14.4,13391244.0,40.43,Northeast
Uttar Pradesh, 30-06-2019,M,11.62,13624452.0,39.75,Northeast
Uttar Pradesh, 31-07-2019,M,11.8,13862431.0,40.43,Northeast
Uttar Pradesh, 31-08-2019,M,14.73,13580241.0,40.87,Northeast
Uttar Pradesh, 30-09-2019,M,13.58,13522970.0,40.07,Northeast
Uttar Pradesh, 31-10-2019,M,10.35,13938303.0,39.71,Northeast
Uttar Pradesh, 30-11-2019,M,11.31,14128888.0,40.6,Northeast
Uttar Pradesh, 31-12-2019,M,12.37,13857200.0,40.21,Northeast
Uttar Pradesh, 31-01-2020,M,12.34,13656250.0,39.52,Northeast
Uttar Pradesh, 29-02-2020,M,11.65,13803099.0,39.54,Northeast
Uttar Pradesh, 31-03-2020,M,12.32,13889632.0,40.0,Northeast
Uttar Pradesh, 30-04-2020,M,26.94,10944379.0,37.74,Northeast
Uttar Pradesh, 31-05-2020,M,32.06,11111486.0,41.1,Northeast
Uttar Pradesh, 30-06-2020,M,13.05,13208724.0,38.09,Northeast
Uttarakhand, 31-05-2019,M,9.17,676797.0,26.33,Northeast
Uttarakhand, 30-06-2019,M,4.69,906889.0,33.54,Northeast
Uttarakhand, 31-07-2019,M,6.94,859900.0,32.48,Northeast
Uttarakhand, 31-08-2019,M,7.43,823967.0,31.21,Northeast
Uttarakhand, 30-09-2019,M,9.62,711150.0,27.51,Northeast
Uttarakhand, 31-10-2019,M,4.72,925174.0,33.87,Northeast
Uttarakhand, 30-11-2019,M,6.34,904903.0,33.61,Northeast
Uttarakhand, 31-12-2019,M,7.39,844779.0,31.65,Northeast
Uttarakhand, 31-01-2020,M,8.92,725253.0,27.55,Northeast
Uttarakhand, 29-02-2020,M,5.28,963408.0,35.11,Northeast
Uttarakhand, 31-03-2020,M,8.15,889245.0,33.33,Northeast
Uttarakhand, 30-04-2020,M,13.18,748041.0,29.59,Northeast
Uttarakhand, 31-05-2020,M,17.36,778590.0,32.27,Northeast
Uttarakhand, 30-06-2020,M,5.08,989470.0,35.61,Northeast
West Bengal, 31-05-2019,M,7.25,11306177.0,46.37,Northeast
West Bengal, 30-06-2019,M,7.38,10611498.0,43.51,Northeast
West Bengal, 31-07-2019,M,7.91,10779829.0,44.38,Northeast
West Bengal, 31-08-2019,M,7.27,11456493.0,46.77,Northeast
West Bengal, 30-09-2019,M,7.79,11158649.0,45.74,Northeast
West Bengal, 31-10-2019,M,7.83,10563686.0,43.25,Northeast
West Bengal, 30-11-2019,M,6.61,10768462.0,43.44,Northeast
West Bengal, 31-12-2019,M,7.24,11335696.0,45.97,Northeast
West Bengal, 31-01-2020,M,7.27,11208617.0,45.39,Northeast
West Bengal, 29-02-2020,M,7.55,10871168.0,44.09,Northeast
West Bengal, 31-03-2020,M,6.67,10806105.0,43.34,Northeast
West Bengal, 30-04-2020,M,15.63,9299466.0,41.2,Northeast
West Bengal, 31-05-2020,M,15.22,9240903.0,40.67,Northeast
West Bengal, 30-06-2020,M,9.86,9088931.0,37.57,Northeast
Andhra Pradesh, 31-01-2020,M,5.48,16635535.0,41.02,South
Andhra Pradesh, 29-02-2020,M,5.83,16545652.0,40.9,South
Andhra Pradesh, 31-03-2020,M,5.79,15881197.0,39.18,South
Andhra Pradesh, 30-04-2020,M,20.51,11336911.0,33.1,South
Andhra Pradesh, 31-05-2020,M,17.43,12988845.0,36.46,South
Andhra Pradesh, 30-06-2020,M,3.31,19805400.0,47.41,South
Andhra Pradesh, 31-07-2020,M,8.34,15431615.0,38.91,South
Andhra Pradesh, 31-08-2020,M,6.96,15251776.0,37.83,South
Andhra Pradesh, 30-09-2020,M,6.4,15220312.0,37.47,South
Andhra Pradesh, 31-10-2020,M,6.59,15157557.0,37.34,South
Assam, 31-01-2020,M,4.66,13051904.0,52.98,Northeast
Assam, 29-02-2020,M,4.41,10088268.0,40.77,Northeast
Assam, 31-03-2020,M,4.77,11542888.0,46.73,Northeast
Assam, 30-04-2020,M,11.06,6830817.0,29.55,Northeast
Assam, 31-05-2020,M,9.55,11367897.0,48.26,Northeast
Assam, 30-06-2020,M,0.6,9095944.0,35.07,Northeast
Assam, 31-07-2020,M,3.77,10286757.0,40.88,Northeast
Assam, 31-08-2020,M,5.53,9781310.0,39.52,Northeast
Assam, 30-09-2020,M,1.19,14107641.0,54.38,Northeast
Assam, 31-10-2020,M,3.02,11949329.0,46.84,Northeast
Bihar, 31-01-2020,M,10.61,26397671.0,37.72,East
Bihar, 29-02-2020,M,10.29,26281655.0,37.35,East
Bihar, 31-03-2020,M,15.43,25717519.0,38.69,East
Bihar, 30-04-2020,M,46.64,16046236.0,38.17,East
Bihar, 31-05-2020,M,45.96,16280203.0,38.16,East
Bihar, 30-06-2020,M,17.82,23963933.0,36.86,East
Bihar, 31-07-2020,M,12.79,24989370.0,36.14,East
Bihar, 31-08-2020,M,13.44,23795534.0,34.59,East
Bihar, 30-09-2020,M,11.91,26902907.0,38.35,East
Bihar, 31-10-2020,M,9.82,25693252.0,35.7,East
Chhattisgarh, 31-01-2020,M,9.65,8552172.0,43.08,West
Chhattisgarh, 29-02-2020,M,8.38,9195114.0,45.58,West
Chhattisgarh, 31-03-2020,M,7.54,9302317.0,45.59,West
Chhattisgarh, 30-04-2020,M,3.41,7600448.0,35.58,West
Chhattisgarh, 31-05-2020,M,10.5,6991217.0,35.23,West
Chhattisgarh, 30-06-2020,M,14.23,7332807.0,38.48,West
Chhattisgarh, 31-07-2020,M,10.27,8620294.0,43.14,West
Chhattisgarh, 31-08-2020,M,5.63,9050422.0,42.97,West
Chhattisgarh, 30-09-2020,M,1.96,9021854.0,41.14,West
Chhattisgarh, 31-10-2020,M,6.62,8546847.0,40.82,West
Delhi, 31-01-2020,M,22.23,5805284.0,47.79,North
Delhi, 29-02-2020,M,14.84,5856307.0,43.92,North
Delhi, 31-03-2020,M,17.04,5553805.0,42.65,North
Delhi, 30-04-2020,M,16.68,3119274.0,23.8,North
Delhi, 31-05-2020,M,42.27,2632404.0,28.91,North
Delhi, 30-06-2020,M,18.19,4418914.0,34.17,North
Delhi, 31-07-2020,M,20.3,4291053.0,33.97,North
Delhi, 31-08-2020,M,13.79,4850107.0,35.41,North
Delhi, 30-09-2020,M,12.53,4958373.0,35.59,North
Delhi, 31-10-2020,M,6.27,4842698.0,32.36,North
Goa, 31-01-2020,M,8.89,416750.0,35.73,West
Goa, 29-02-2020,M,2.81,478068.0,38.38,West
Goa, 31-03-2020,M,5.25,411761.0,33.88,West
Goa, 30-04-2020,M,13.31,500614.0,44.97,West
Goa, 31-05-2020,M,21.25,378244.0,37.36,West
Goa, 30-06-2020,M,9.96,489111.0,42.21,West
Goa, 31-07-2020,M,17.07,458876.0,42.94,West
Goa, 31-08-2020,M,16.21,473016.0,43.76,West
Goa, 30-09-2020,M,15.38,425004.0,38.89,West
Goa, 31-10-2020,M,11.54,392304.0,34.3,West
Gujarat, 31-01-2020,M,5.54,24126346.0,48.49,West
Gujarat, 29-02-2020,M,6.38,24757795.0,50.11,West
Gujarat, 31-03-2020,M,6.66,23566641.0,47.75,West
Gujarat, 30-04-2020,M,18.71,15288878.0,35.5,West
Gujarat, 31-05-2020,M,12.11,17836936.0,38.23,West
Gujarat, 30-06-2020,M,3.2,23657055.0,45.96,West
Gujarat, 31-07-2020,M,1.84,24276120.0,46.41,West
Gujarat, 31-08-2020,M,1.87,22817232.0,43.55,West
Gujarat, 30-09-2020,M,3.42,25010199.0,48.41,West
Gujarat, 31-10-2020,M,4.03,25970259.0,50.49,West
Haryana, 31-01-2020,M,20.34,7693231.0,43.36,North
Haryana, 29-02-2020,M,25.77,7322942.0,44.21,North
Haryana, 31-03-2020,M,25.05,6641555.0,39.63,North
Haryana, 30-04-2020,M,43.22,5647630.0,44.38,North
Haryana, 31-05-2020,M,29.02,6437868.0,40.39,North
Haryana, 30-06-2020,M,26.7,6951934.0,42.14,North
Haryana, 31-07-2020,M,24.18,6800652.0,39.77,North
Haryana, 31-08-2020,M,33.5,7113788.0,47.32,North
Haryana, 30-09-2020,M,19.68,7132439.0,39.2,North
Haryana, 31-10-2020,M,27.31,6698551.0,40.6,North
Himachal Pradesh, 31-01-2020,M,16.83,2287632.0,45.5,North
Himachal Pradesh, 29-02-2020,M,16.84,2180268.0,43.3,North
Himachal Pradesh, 31-03-2020,M,18.76,2021858.0,41.04,North
Himachal Pradesh, 30-04-2020,M,2.2,1131128.0,19.04,North
Himachal Pradesh, 31-05-2020,M,26.95,1897639.0,42.7,North
Himachal Pradesh, 30-06-2020,M,13.47,2199683.0,41.72,North
Himachal Pradesh, 31-07-2020,M,24.31,2229456.0,48.25,North
Himachal Pradesh, 31-08-2020,M,15.79,2029740.0,39.42,North
Himachal Pradesh, 30-09-2020,M,12.04,2237480.0,41.54,North
Himachal Pradesh, 31-10-2020,M,13.46,2123965.0,40.01,North
Jammu & Kashmir, 31-01-2020,M,21.08,3453025.0,42.2,North
Jammu & Kashmir, 29-02-2020,M,20.78,3223513.0,39.17,North
Jammu & Kashmir, 31-03-2020,M,15.5,3359107.0,38.18,North
Jammu & Kashmir, 31-05-2020,M,18.74,3246493.0,38.21,North
Jammu & Kashmir, 30-06-2020,M,17.92,3202336.0,37.24,North
Jammu & Kashmir, 31-07-2020,M,10.88,3558889.0,38.03,North
Jammu & Kashmir, 31-08-2020,M,11.09,3429950.0,36.66,North
Jammu & Kashmir, 30-09-2020,M,16.17,3210281.0,36.31,North
Jammu & Kashmir, 31-10-2020,M,16.14,3106691.0,35.05,North
Jharkhand, 31-01-2020,M,10.61,10198029.0,42.92,East
Jharkhand, 29-02-2020,M,11.85,10425425.0,44.4,East
Jharkhand, 31-03-2020,M,8.23,9638115.0,39.34,East
Jharkhand, 30-04-2020,M,47.09,5335262.0,37.69,East
Jharkhand, 31-05-2020,M,59.23,4145385.0,37.92,East
Jharkhand, 30-06-2020,M,20.95,8622722.0,40.59,East
Jharkhand, 31-07-2020,M,7.63,9521900.0,38.27,East
Jharkhand, 31-08-2020,M,9.76,9331640.0,38.31,East
Jharkhand, 30-09-2020,M,8.24,10185670.0,41.04,East
Jharkhand, 31-10-2020,M,11.8,10302276.0,43.08,East
Karnataka, 31-01-2020,M,2.86,22688028.0,42.18,South
Karnataka, 29-02-2020,M,3.61,21677719.0,40.54,South
Karnataka, 31-03-2020,M,3.46,22079653.0,41.14,South
Karnataka, 30-04-2020,M,29.84,16718395.0,42.78,South
Karnataka, 31-05-2020,M,19.97,19397853.0,43.43,South
Karnataka, 30-06-2020,M,8.44,24215057.0,47.29,South
Karnataka, 31-07-2020,M,4.01,22885616.0,42.55,South
Karnataka, 31-08-2020,M,0.5,24094289.0,43.13,South
Karnataka, 30-09-2020,M,2.41,20127176.0,36.66,South
Karnataka, 31-10-2020,M,1.58,22356390.0,40.3,South
Kerala, 31-01-2020,M,5.31,9904534.0,37.12,South
Kerala, 29-02-2020,M,7.6,9828023.0,37.71,South
Kerala, 31-03-2020,M,8.99,8221728.0,32.0,South
Kerala, 30-04-2020,M,16.99,3933276.0,16.77,South
Kerala, 31-05-2020,M,17.88,7921962.0,34.11,South
Kerala, 30-06-2020,M,9.71,9228268.0,36.11,South
Kerala, 31-07-2020,M,7.09,9504420.0,36.1,South
Kerala, 31-08-2020,M,10.98,9031944.0,35.78,South
Kerala, 30-09-2020,M,5.91,9240913.0,34.6,South
Kerala, 31-10-2020,M,3.88,9152881.0,33.52,South
Madhya Pradesh, 31-01-2020,M,4.11,23018632.0,39.42,West
Madhya Pradesh, 29-02-2020,M,4.57,22711479.0,39.0,West
Madhya Pradesh, 31-03-2020,M,2.22,22867164.0,38.24,West
Madhya Pradesh, 30-04-2020,M,12.36,19041832.0,35.45,West
Madhya Pradesh, 31-05-2020,M,21.98,18443927.0,38.48,West
Madhya Pradesh, 30-06-2020,M,6.48,23054646.0,40.04,West
Madhya Pradesh, 31-07-2020,M,5.08,23940158.0,40.88,West
Madhya Pradesh, 31-08-2020,M,4.7,23619011.0,40.08,West
Madhya Pradesh, 30-09-2020,M,3.91,23341952.0,39.2,West
Madhya Pradesh, 31-10-2020,M,3.13,23144552.0,38.47,West
Maharashtra, 31-01-2020,M,4.95,42596868.0,44.19,West
Maharashtra, 29-02-2020,M,4.69,42416317.0,43.8,West
Maharashtra, 31-03-2020,M,5.79,40196806.0,41.91,West
Maharashtra, 30-04-2020,M,20.9,27689253.0,34.32,West
Maharashtra, 31-05-2020,M,15.46,32116847.0,37.17,West
Maharashtra, 30-06-2020,M,9.23,39708538.0,42.71,West
Maharashtra, 31-07-2020,M,3.89,40998545.0,41.57,West
Maharashtra, 31-08-2020,M,6.23,40963616.0,42.49,West
Maharashtra, 30-09-2020,M,4.55,42042911.0,42.75,West
Maharashtra, 31-10-2020,M,4.1,43317881.0,43.75,West
Meghalaya, 31-01-2020,M,1.66,1491093.0,65.49,Northeast
Meghalaya, 29-02-2020,M,3.59,1346829.0,60.2,Northeast
Meghalaya, 31-03-2020,M,1.58,1482351.0,64.74,Northeast
Meghalaya, 30-04-2020,M,10.03,965057.0,45.99,Northeast
Meghalaya, 31-05-2020,M,5.92,1215064.0,55.24,Northeast
Meghalaya, 30-06-2020,M,1.15,1350794.0,58.31,Northeast
Meghalaya, 31-07-2020,M,2.1,1448106.0,62.96,Northeast
Meghalaya, 31-08-2020,M,3.74,1357643.0,59.88,Northeast
Meghalaya, 30-09-2020,M,4.29,1459726.0,64.6,Northeast
Meghalaya, 31-10-2020,M,4.6,1381490.0,61.18,Northeast
Odisha, 31-01-2020,M,1.9,13743448.0,39.44,East
Odisha, 29-02-2020,M,3.12,14280735.0,41.44,East
Odisha, 31-03-2020,M,13.08,12272109.0,39.62,East
Odisha, 30-04-2020,M,23.76,6865693.0,25.23,East
Odisha, 31-05-2020,M,11.41,11730937.0,37.04,East
Odisha, 30-06-2020,M,3.77,12903993.0,37.45,East
Odisha, 31-07-2020,M,1.88,13614400.0,38.69,East
Odisha, 31-08-2020,M,1.42,14154039.0,39.96,East
Odisha, 30-09-2020,M,2.1,13608422.0,38.63,East
Odisha, 31-10-2020,M,2.18,14094553.0,39.98,East
Puducherry, 31-01-2020,M,0.58,457950.0,37.46,South
Puducherry, 29-02-2020,M,1.76,493961.0,40.8,South
Puducherry, 31-03-2020,M,1.2,421028.0,34.49,South
Puducherry, 30-04-2020,M,75.85,117542.0,39.3,South
Puducherry, 31-05-2020,M,58.19,172308.0,33.19,South
Puducherry, 30-06-2020,M,4.24,367135.0,30.8,South
Puducherry, 31-07-2020,M,15.47,386563.0,36.64,South
Puducherry, 31-08-2020,M,5.05,396006.0,33.34,South
Puducherry, 30-09-2020,M,10.9,411717.0,36.84,South
Puducherry, 31-10-2020,M,6.18,428419.0,36.32,South
Punjab, 31-01-2020,M,11.11,9442093.0,42.82,North
Punjab, 29-02-2020,M,10.97,9229047.0,41.72,North
Punjab, 31-03-2020,M,10.32,9975485.0,44.69,North
Punjab, 30-04-2020,M,2.86,7020565.0,28.99,North
Punjab, 31-05-2020,M,28.33,6872938.0,38.39,North
Punjab, 30-06-2020,M,16.55,8390766.0,40.18,North
Punjab, 31-07-2020,M,9.19,9732417.0,42.76,North
Punjab, 31-08-2020,M,10.99,9386169.0,41.99,North
Punjab, 30-09-2020,M,9.61,8980432.0,39.5,North
Punjab, 31-10-2020,M,9.88,8800430.0,38.75,North
Rajasthan, 31-01-2020,M,10.97,20641716.0,40.51,North
Rajasthan, 29-02-2020,M,15.16,20328915.0,41.77,North
Rajasthan, 31-03-2020,M,11.9,20024680.0,39.54,North
Rajasthan, 30-04-2020,M,17.7,15984142.0,33.71,North
Rajasthan, 31-05-2020,M,15.74,19826602.0,40.74,North
Rajasthan, 30-06-2020,M,14.39,20506612.0,41.38,North
Rajasthan, 31-07-2020,M,15.81,19932393.0,40.8,North
Rajasthan, 31-08-2020,M,17.51,20014060.0,41.71,North
Rajasthan, 30-09-2020,M,15.35,20149594.0,40.83,North
Rajasthan, 31-10-2020,M,24.15,19908808.0,44.92,North
Sikkim, 31-03-2020,M,23.57,262895.0,60.59,Northeast
Sikkim, 30-04-2020,M,2.28,215303.0,38.7,Northeast
Sikkim, 31-05-2020,M,24.51,193427.0,44.88,Northeast
Sikkim, 30-06-2020,M,4.46,221058.0,40.4,Northeast
Sikkim, 31-07-2020,M,4.45,265175.0,48.32,Northeast
Sikkim, 31-08-2020,M,12.49,244462.0,48.49,Northeast
Sikkim, 30-09-2020,M,5.7,231798.0,42.54,Northeast
Sikkim, 31-10-2020,M,0.88,242068.0,42.13,Northeast
Tamil Nadu, 31-01-2020,M,1.57,26881641.0,41.96,South
Tamil Nadu, 29-02-2020,M,2.09,27570589.0,43.2,South
Tamil Nadu, 31-03-2020,M,6.4,26830768.0,43.91,South
Tamil Nadu, 30-04-2020,M,49.83,9719167.0,29.63,South
Tamil Nadu, 31-05-2020,M,33.16,11483256.0,26.23,South
Tamil Nadu, 30-06-2020,M,12.2,19096847.0,33.16,South
Tamil Nadu, 31-07-2020,M,6.81,24572827.0,40.13,South
Tamil Nadu, 31-08-2020,M,2.65,27046415.0,42.22,South
Tamil Nadu, 30-09-2020,M,5.0,23025845.0,36.77,South
Tamil Nadu, 31-10-2020,M,2.16,23651626.0,36.62,South
Telangana, 31-01-2020,M,5.49,17609295.0,59.25,South
Telangana, 29-02-2020,M,8.29,16825970.0,58.24,South
Telangana, 31-03-2020,M,5.77,17341613.0,58.31,South
Telangana, 30-04-2020,M,6.25,12172230.0,41.06,South
Telangana, 31-05-2020,M,14.7,14977774.0,55.43,South
Telangana, 30-06-2020,M,10.55,15108910.0,53.22,South
Telangana, 31-07-2020,M,5.36,15679417.0,52.1,South
Telangana, 31-08-2020,M,5.79,18185429.0,60.59,South
Telangana, 30-09-2020,M,3.27,16961448.0,54.94,South
Telangana, 31-10-2020,M,2.86,17578739.0,56.58,South
Tripura, 31-01-2020,M,32.67,1508130.0,69.69,Northeast
Tripura, 29-02-2020,M,28.4,1584686.0,68.74,Northeast
Tripura, 31-03-2020,M,29.95,1511217.0,66.89,Northeast
Tripura, 30-04-2020,M,41.23,971514.0,51.16,Northeast
Tripura, 31-05-2020,M,21.51,1290986.0,50.81,Northeast
Tripura, 30-06-2020,M,21.71,1494140.0,58.85,Northeast
Tripura, 31-07-2020,M,18.24,1348849.0,50.78,Northeast
Tripura, 31-08-2020,M,27.92,1318621.0,56.21,Northeast
Tripura, 30-09-2020,M,17.35,1368244.0,50.77,Northeast
Tripura, 31-10-2020,M,11.57,1576529.0,54.58,Northeast
Uttar Pradesh, 31-01-2020,M,7.58,59433759.0,39.63,North
Uttar Pradesh, 29-02-2020,M,8.98,58060531.0,39.23,North
Uttar Pradesh, 31-03-2020,M,10.11,56976338.0,38.89,North
Uttar Pradesh, 30-04-2020,M,21.54,50915056.0,39.73,North
Uttar Pradesh, 31-05-2020,M,20.41,49801902.0,38.22,North
Uttar Pradesh, 30-06-2020,M,9.47,55380649.0,37.29,North
Uttar Pradesh, 31-07-2020,M,5.56,56201654.0,36.19,North
Uttar Pradesh, 31-08-2020,M,5.79,55831744.0,35.96,North
Uttar Pradesh, 30-09-2020,M,4.18,56106836.0,35.45,North
Uttar Pradesh, 31-10-2020,M,3.75,56539521.0,35.49,North
Uttarakhand, 31-01-2020,M,5.49,2711639.0,32.99,North
Uttarakhand, 29-02-2020,M,4.99,3020931.0,36.48,North
Uttarakhand, 31-03-2020,M,19.85,2539302.0,36.27,North
Uttarakhand, 30-04-2020,M,6.48,2720115.0,33.23,North
Uttarakhand, 31-05-2020,M,8.01,2694072.0,33.38,North
Uttarakhand, 30-06-2020,M,8.61,2656071.0,33.06,North
Uttarakhand, 31-07-2020,M,12.38,2938552.0,38.07,North
Uttarakhand, 31-08-2020,M,14.26,2717528.0,35.9,North
Uttarakhand, 30-09-2020,M,22.26,2695230.0,39.18,North
Uttarakhand, 31-10-2020,M,9.23,2739309.0,34.03,North
West Bengal, 31-01-2020,M,6.94,35820789.0,47.35,East
West Bengal, 29-02-2020,M,4.92,36964178.0,47.74,East
West Bengal, 31-03-2020,M,6.92,35903917.0,47.27,East
West Bengal, 30-04-2020,M,17.41,26938836.0,39.9,East
West Bengal, 31-05-2020,M,17.41,28356675.0,41.92,East
West Bengal, 30-06-2020,M,7.29,30726310.0,40.39,East
West Bengal, 31-07-2020,M,6.83,35372506.0,46.17,East
West Bengal, 31-08-2020,M,14.87,33298644.0,47.48,East
West Bengal, 30-09-2020,M,9.35,35707239.0,47.73,East
West Bengal, 31-10-2020,M,9.98,33962549.0,45.63,East
